{
  "best_metric": null,
  "best_model_checkpoint": null,
  "epoch": 2.6548672566371683,
  "eval_steps": 500,
  "global_step": 1500,
  "is_hyper_param_search": false,
  "is_local_process_zero": true,
  "is_world_process_zero": true,
  "log_history": [
    {
      "epoch": 0.88,
      "grad_norm": 19.421674728393555,
      "learning_rate": 0.000911504424778761,
      "loss": 1.026,
      "step": 500
    },
    {
      "epoch": 1.77,
      "grad_norm": 4.374779224395752,
      "learning_rate": 0.0008230088495575221,
      "loss": 0.5902,
      "step": 1000
    },
    {
      "epoch": 2.65,
      "grad_norm": 43.0243034362793,
      "learning_rate": 0.0007345132743362832,
      "loss": 0.5562,
      "step": 1500
    }
  ],
  "logging_steps": 500,
  "max_steps": 5650,
  "num_input_tokens_seen": 0,
  "num_train_epochs": 10,
  "save_steps": 500,
  "total_flos": 4.121742080242483e+16,
  "train_batch_size": 8,
  "trial_name": null,
  "trial_params": null
}
